<?xml version="1.0" encoding="UTF-8" standalone="yes"?>
<manifest>
  <control namespace="Contoso" constructor="Breadcrumb94B539" version="1.0.0" display-name-key="Breadcrumb (94B539)" description-key="A navigation control for breadcrumb trails" control-type="standard" api-version="1.3.18">
    <external-service-usage enabled="false"/>
    <property name="items" display-name-key="Breadcrumb Items" description-key="The list of items for the breadcrumb" of-type="MultiSelectOptionSet" usage="bound" required="true"/>
    <resources>
      <code path="bundle.js" order="1"/>
      <css path="css/Breadcrumb94B539.css" order="1"/>
      <resx path="strings/Breadcrumb94B539.resx" version="1.0.0"/>
    </resources>
    <feature-usage/>
    <built-by name="pac" version="1.51.1"/>
  </control>
</manifest>